Monday Board of Interest,Board ID,,Other Useful Links:,
Webinar Attendance Masterlist,1131312861,,Webinar Rota,https://redmoorhealth.sharepoint.com/:x:/s/RedmoorWebinars/ESzreGaxsq1AmUEpOqnyi4sBbyQXsqch8UrZbwVFSQd6xg?e=xxgo8A
SMMS Masterlist,1130630463,,Questionnaire Results,https://forms.office.com/Pages/DesignPageV2.aspx?origin=NeoPortalPage&subpage=design&id=7zHYsigClEaueEFz-XSUrQM7Pfxkl6BHqBLSr_sXXYpURUNJSFNOSzk2Q0M1SkNLUko2NUJHVlI4NC4u&analysis=false
Organisation Masterlist,1131270910,,,
Opportunities Board,1127458783,,,
Follow-up List,1127458786,,,
Advanced Training,4861143,,,
Support Desk Dashboard,1128774188,,,
Main Workspace,3152498,,,
Individuals Board,1127458785,,,
Invoices and Collections,1127458787,,,
